{"cameraMode":{"drawMode":0,"name":"Shaded","section":"Shading Mode"},"sceneLighting":true,"audioPlay":false,"sceneViewState":{"showFog":true,"showMaterialUpdate":false,"showSkybox":true,"showFlares":true,"showImageEffects":true,"showParticleSystems":true},"in2DMode":false,"pivot":{"x":11.916646003723145,"y":-0.41558408737182619,"z":0.5432167053222656},"rotation":{"x":-0.12102410942316055,"y":0.05357591062784195,"z":-0.0065419613383710388,"w":-0.9911811351776123},"size":24.598356246948243,"orthographic":false}